{
    "rmse": 0.9995185635692985,
    "mape": 36.46190528110633
}